"","X","studyid","intid","year","spp1","spp2","interaction","neg_phenovalue","neg_slope","pos_phenovalue","pos_slope","phenodiff","phenofreq","intxn"
"435",435,"HMK019",170,1969,"Phytoplankton1 spp.","Daphnia3 spp.","herbivory",109.8085,-0.512477668855536,160.305,-0.696012315376935,-50.4965,"daily","Phytoplankton1 spp. Daphnia3 spp. herbivory"
"436",436,"HMK019",170,1970,"Phytoplankton1 spp.","Daphnia3 spp.","herbivory",124.352,-0.512477668855536,153.324,-0.696012315376935,-28.972,"daily","Phytoplankton1 spp. Daphnia3 spp. herbivory"
"437",437,"HMK019",170,1971,"Phytoplankton1 spp.","Daphnia3 spp.","herbivory",100.53485,-0.512477668855536,124.8365,-0.696012315376935,-24.30165,"daily","Phytoplankton1 spp. Daphnia3 spp. herbivory"
"438",438,"HMK019",170,1972,"Phytoplankton1 spp.","Daphnia3 spp.","herbivory",109.654,-0.512477668855536,140.054,-0.696012315376935,-30.4,"daily","Phytoplankton1 spp. Daphnia3 spp. herbivory"
"439",439,"HMK019",170,1973,"Phytoplankton1 spp.","Daphnia3 spp.","herbivory",76.8018,-0.512477668855536,137.4605,-0.696012315376935,-60.6587,"daily","Phytoplankton1 spp. Daphnia3 spp. herbivory"
"440",440,"HMK019",170,1974,"Phytoplankton1 spp.","Daphnia3 spp.","herbivory",86.52195,-0.512477668855536,134.959,-0.696012315376935,-48.43705,"daily","Phytoplankton1 spp. Daphnia3 spp. herbivory"
"441",441,"HMK019",170,1975,"Phytoplankton1 spp.","Daphnia3 spp.","herbivory",98.84105,-0.512477668855536,131.047,-0.696012315376935,-32.20595,"daily","Phytoplankton1 spp. Daphnia3 spp. herbivory"
"442",442,"HMK019",170,1976,"Phytoplankton1 spp.","Daphnia3 spp.","herbivory",82.2223,-0.512477668855536,142.5315,-0.696012315376935,-60.3092,"daily","Phytoplankton1 spp. Daphnia3 spp. herbivory"
"443",443,"HMK019",170,1977,"Phytoplankton1 spp.","Daphnia3 spp.","herbivory",94.9844,-0.512477668855536,134.2885,-0.696012315376935,-39.3041,"daily","Phytoplankton1 spp. Daphnia3 spp. herbivory"
"444",444,"HMK019",170,1978,"Phytoplankton1 spp.","Daphnia3 spp.","herbivory",107.708,-0.512477668855536,147.44,-0.696012315376935,-39.732,"daily","Phytoplankton1 spp. Daphnia3 spp. herbivory"
"445",445,"HMK019",170,1979,"Phytoplankton1 spp.","Daphnia3 spp.","herbivory",108.8071,-0.512477668855536,141.25,-0.696012315376935,-32.4429,"daily","Phytoplankton1 spp. Daphnia3 spp. herbivory"
"446",446,"HMK019",170,1980,"Phytoplankton1 spp.","Daphnia3 spp.","herbivory",94.99155,-0.512477668855536,125.4055,-0.696012315376935,-30.41395,"daily","Phytoplankton1 spp. Daphnia3 spp. herbivory"
"447",447,"HMK019",170,1981,"Phytoplankton1 spp.","Daphnia3 spp.","herbivory",98.415,-0.512477668855536,132.068,-0.696012315376935,-33.653,"daily","Phytoplankton1 spp. Daphnia3 spp. herbivory"
"448",448,"HMK019",170,1982,"Phytoplankton1 spp.","Daphnia3 spp.","herbivory",102.1298,-0.512477668855536,123.4645,-0.696012315376935,-21.3347,"daily","Phytoplankton1 spp. Daphnia3 spp. herbivory"
"449",449,"HMK019",170,1983,"Phytoplankton1 spp.","Daphnia3 spp.","herbivory",100.1954,-0.512477668855536,149.2905,-0.696012315376935,-49.0951,"daily","Phytoplankton1 spp. Daphnia3 spp. herbivory"
"450",450,"HMK019",170,1984,"Phytoplankton1 spp.","Daphnia3 spp.","herbivory",104.29995,-0.512477668855536,121.607,-0.696012315376935,-17.30705,"daily","Phytoplankton1 spp. Daphnia3 spp. herbivory"
"451",451,"HMK019",170,1985,"Phytoplankton1 spp.","Daphnia3 spp.","herbivory",101.50345,-0.512477668855536,NA,NA,NA,"daily","Phytoplankton1 spp. Daphnia3 spp. herbivory"
"452",452,"HMK019",170,1986,"Phytoplankton1 spp.","Daphnia3 spp.","herbivory",79.49615,-0.512477668855536,143.5115,-0.696012315376935,-64.01535,"daily","Phytoplankton1 spp. Daphnia3 spp. herbivory"
"453",453,"HMK019",170,1987,"Phytoplankton1 spp.","Daphnia3 spp.","herbivory",100.87045,-0.512477668855536,129.6225,-0.696012315376935,-28.75205,"daily","Phytoplankton1 spp. Daphnia3 spp. herbivory"
"454",454,"HMK019",170,1988,"Phytoplankton1 spp.","Daphnia3 spp.","herbivory",94.3999,-0.512477668855536,129.632,-0.696012315376935,-35.2321,"daily","Phytoplankton1 spp. Daphnia3 spp. herbivory"
"455",455,"HMK019",170,1989,"Phytoplankton1 spp.","Daphnia3 spp.","herbivory",102.39595,-0.512477668855536,155.9275,-0.696012315376935,-53.53155,"daily","Phytoplankton1 spp. Daphnia3 spp. herbivory"
"456",456,"HMK019",170,1990,"Phytoplankton1 spp.","Daphnia3 spp.","herbivory",76.9364,-0.512477668855536,123.2625,-0.696012315376935,-46.3261,"daily","Phytoplankton1 spp. Daphnia3 spp. herbivory"
"457",457,"HMK019",170,1991,"Phytoplankton1 spp.","Daphnia3 spp.","herbivory",73.9246,-0.512477668855536,126.391,-0.696012315376935,-52.4664,"daily","Phytoplankton1 spp. Daphnia3 spp. herbivory"
"458",458,"HMK019",170,1992,"Phytoplankton1 spp.","Daphnia3 spp.","herbivory",93.1373,-0.512477668855536,121.4005,-0.696012315376935,-28.2632,"daily","Phytoplankton1 spp. Daphnia3 spp. herbivory"
"459",459,"HMK019",170,1993,"Phytoplankton1 spp.","Daphnia3 spp.","herbivory",67.89555,-0.512477668855536,123.8035,-0.696012315376935,-55.90795,"daily","Phytoplankton1 spp. Daphnia3 spp. herbivory"
"460",460,"HMK019",170,1994,"Phytoplankton1 spp.","Daphnia3 spp.","herbivory",84.0984,-0.512477668855536,125.1545,-0.696012315376935,-41.0561,"daily","Phytoplankton1 spp. Daphnia3 spp. herbivory"
"461",461,"HMK019",170,1995,"Phytoplankton1 spp.","Daphnia3 spp.","herbivory",100.27695,-0.512477668855536,131.477,-0.696012315376935,-31.20005,"daily","Phytoplankton1 spp. Daphnia3 spp. herbivory"
"462",462,"HMK019",170,1996,"Phytoplankton1 spp.","Daphnia3 spp.","herbivory",101.441,-0.512477668855536,139.5085,-0.696012315376935,-38.0675,"daily","Phytoplankton1 spp. Daphnia3 spp. herbivory"
"463",463,"HMK019",170,1997,"Phytoplankton1 spp.","Daphnia3 spp.","herbivory",73.538,-0.512477668855536,110.5725,-0.696012315376935,-37.0345,"daily","Phytoplankton1 spp. Daphnia3 spp. herbivory"
"464",464,"HMK019",170,1998,"Phytoplankton1 spp.","Daphnia3 spp.","herbivory",89.07065,-0.512477668855536,136.25,-0.696012315376935,-47.17935,"daily","Phytoplankton1 spp. Daphnia3 spp. herbivory"
"465",465,"HMK019",170,1999,"Phytoplankton1 spp.","Daphnia3 spp.","herbivory",92.10455,-0.512477668855536,133.19,-0.696012315376935,-41.08545,"daily","Phytoplankton1 spp. Daphnia3 spp. herbivory"
"466",466,"HMK019",170,2000,"Phytoplankton1 spp.","Daphnia3 spp.","herbivory",84.13685,-0.512477668855536,121.22,-0.696012315376935,-37.08315,"daily","Phytoplankton1 spp. Daphnia3 spp. herbivory"
"467",467,"HMK019",170,2001,"Phytoplankton1 spp.","Daphnia3 spp.","herbivory",96.441,-0.512477668855536,132.4685,-0.696012315376935,-36.0275,"daily","Phytoplankton1 spp. Daphnia3 spp. herbivory"
"468",468,"HMK019",170,2002,"Phytoplankton1 spp.","Daphnia3 spp.","herbivory",86.2943,-0.512477668855536,113.75,-0.696012315376935,-27.4557,"daily","Phytoplankton1 spp. Daphnia3 spp. herbivory"
"469",469,"HMK019",170,2003,"Phytoplankton1 spp.","Daphnia3 spp.","herbivory",85.219,-0.512477668855536,100.91875,-0.696012315376935,-15.69975,"daily","Phytoplankton1 spp. Daphnia3 spp. herbivory"
"470",470,"HMK019",170,2004,"Phytoplankton1 spp.","Daphnia3 spp.","herbivory",86.1,-0.512477668855536,NA,NA,NA,"daily","Phytoplankton1 spp. Daphnia3 spp. herbivory"
"471",471,"HMK019",170,2005,"Phytoplankton1 spp.","Daphnia3 spp.","herbivory",83.508,-0.512477668855536,107.881,-0.696012315376935,-24.373,"daily","Phytoplankton1 spp. Daphnia3 spp. herbivory"
"472",472,"HMK019",170,2006,"Phytoplankton1 spp.","Daphnia3 spp.","herbivory",83.95085,-0.512477668855536,123.75,-0.696012315376935,-39.79915,"daily","Phytoplankton1 spp. Daphnia3 spp. herbivory"
"473",473,"HMK019",170,2007,"Phytoplankton1 spp.","Daphnia3 spp.","herbivory",89.35265,-0.512477668855536,NA,NA,NA,"daily","Phytoplankton1 spp. Daphnia3 spp. herbivory"
"474",474,"HMK019",170,2008,"Phytoplankton1 spp.","Daphnia3 spp.","herbivory",83.10485,-0.512477668855536,119.17,-0.696012315376935,-36.06515,"daily","Phytoplankton1 spp. Daphnia3 spp. herbivory"
"475",475,"HMK019",171,1969,"Daphnia3 spp.","Perca fluviatillis","predation",160.305,-0.696012315376935,146.943,-0.513398597613784,13.362,"daily","Daphnia3 spp. Perca fluviatillis predation"
"476",476,"HMK019",171,1970,"Daphnia3 spp.","Perca fluviatillis","predation",153.324,-0.696012315376935,142.4035,-0.513398597613784,10.9205,"daily","Daphnia3 spp. Perca fluviatillis predation"
"477",477,"HMK019",171,1971,"Daphnia3 spp.","Perca fluviatillis","predation",124.8365,-0.696012315376935,139.977,-0.513398597613784,-15.1405,"daily","Daphnia3 spp. Perca fluviatillis predation"
"478",478,"HMK019",171,1972,"Daphnia3 spp.","Perca fluviatillis","predation",140.054,-0.696012315376935,143.5655,-0.513398597613784,-3.51149999999998,"daily","Daphnia3 spp. Perca fluviatillis predation"
"479",479,"HMK019",171,1973,"Daphnia3 spp.","Perca fluviatillis","predation",137.4605,-0.696012315376935,142.2105,-0.513398597613784,-4.75000000000003,"daily","Daphnia3 spp. Perca fluviatillis predation"
"480",480,"HMK019",171,1974,"Daphnia3 spp.","Perca fluviatillis","predation",134.959,-0.696012315376935,138.198,-0.513398597613784,-3.239,"daily","Daphnia3 spp. Perca fluviatillis predation"
"481",481,"HMK019",171,1975,"Daphnia3 spp.","Perca fluviatillis","predation",131.047,-0.696012315376935,140.177,-0.513398597613784,-9.13000000000002,"daily","Daphnia3 spp. Perca fluviatillis predation"
"482",482,"HMK019",171,1976,"Daphnia3 spp.","Perca fluviatillis","predation",142.5315,-0.696012315376935,142.6785,-0.513398597613784,-0.146999999999991,"daily","Daphnia3 spp. Perca fluviatillis predation"
"483",483,"HMK019",171,1977,"Daphnia3 spp.","Perca fluviatillis","predation",134.2885,-0.696012315376935,148.327,-0.513398597613784,-14.0385,"daily","Daphnia3 spp. Perca fluviatillis predation"
"484",484,"HMK019",171,1978,"Daphnia3 spp.","Perca fluviatillis","predation",147.44,-0.696012315376935,145.719,-0.513398597613784,1.721,"daily","Daphnia3 spp. Perca fluviatillis predation"
"485",485,"HMK019",171,1979,"Daphnia3 spp.","Perca fluviatillis","predation",141.25,-0.696012315376935,143.0605,-0.513398597613784,-1.81049999999999,"daily","Daphnia3 spp. Perca fluviatillis predation"
"486",486,"HMK019",171,1980,"Daphnia3 spp.","Perca fluviatillis","predation",125.4055,-0.696012315376935,132.825,-0.513398597613784,-7.41949999999999,"daily","Daphnia3 spp. Perca fluviatillis predation"
"487",487,"HMK019",171,1981,"Daphnia3 spp.","Perca fluviatillis","predation",132.068,-0.696012315376935,141.7125,-0.513398597613784,-9.64449999999999,"daily","Daphnia3 spp. Perca fluviatillis predation"
"488",488,"HMK019",171,1982,"Daphnia3 spp.","Perca fluviatillis","predation",123.4645,-0.696012315376935,131.427,-0.513398597613784,-7.96250000000002,"daily","Daphnia3 spp. Perca fluviatillis predation"
"489",489,"HMK019",171,1983,"Daphnia3 spp.","Perca fluviatillis","predation",149.2905,-0.696012315376935,137.11,-0.513398597613784,12.1805,"daily","Daphnia3 spp. Perca fluviatillis predation"
"490",490,"HMK019",171,1984,"Daphnia3 spp.","Perca fluviatillis","predation",121.607,-0.696012315376935,130.015,-0.513398597613784,-8.40799999999999,"daily","Daphnia3 spp. Perca fluviatillis predation"
"491",491,"HMK019",171,1986,"Daphnia3 spp.","Perca fluviatillis","predation",143.5115,-0.696012315376935,139.4585,-0.513398597613784,4.053,"daily","Daphnia3 spp. Perca fluviatillis predation"
"492",492,"HMK019",171,1987,"Daphnia3 spp.","Perca fluviatillis","predation",129.6225,-0.696012315376935,129.187,-0.513398597613784,0.43549999999999,"daily","Daphnia3 spp. Perca fluviatillis predation"
"493",493,"HMK019",171,1988,"Daphnia3 spp.","Perca fluviatillis","predation",129.632,-0.696012315376935,NA,NA,NA,"daily","Daphnia3 spp. Perca fluviatillis predation"
"494",494,"HMK019",171,1989,"Daphnia3 spp.","Perca fluviatillis","predation",155.9275,-0.696012315376935,133.715,-0.513398597613784,22.2125,"daily","Daphnia3 spp. Perca fluviatillis predation"
"495",495,"HMK019",171,1990,"Daphnia3 spp.","Perca fluviatillis","predation",123.2625,-0.696012315376935,129.6245,-0.513398597613784,-6.36200000000001,"daily","Daphnia3 spp. Perca fluviatillis predation"
"496",496,"HMK019",171,1991,"Daphnia3 spp.","Perca fluviatillis","predation",126.391,-0.696012315376935,134.485,-0.513398597613784,-8.09400000000002,"daily","Daphnia3 spp. Perca fluviatillis predation"
"497",497,"HMK019",171,1992,"Daphnia3 spp.","Perca fluviatillis","predation",121.4005,-0.696012315376935,131.457,-0.513398597613784,-10.0565,"daily","Daphnia3 spp. Perca fluviatillis predation"
"498",498,"HMK019",171,1993,"Daphnia3 spp.","Perca fluviatillis","predation",123.8035,-0.696012315376935,127.515,-0.513398597613784,-3.7115,"daily","Daphnia3 spp. Perca fluviatillis predation"
"499",499,"HMK019",171,1994,"Daphnia3 spp.","Perca fluviatillis","predation",125.1545,-0.696012315376935,129.112,-0.513398597613784,-3.9575,"daily","Daphnia3 spp. Perca fluviatillis predation"
"500",500,"HMK019",171,1995,"Daphnia3 spp.","Perca fluviatillis","predation",131.477,-0.696012315376935,128.683,-0.513398597613784,2.79400000000001,"daily","Daphnia3 spp. Perca fluviatillis predation"
"501",501,"HMK019",171,1996,"Daphnia3 spp.","Perca fluviatillis","predation",139.5085,-0.696012315376935,140.108,-0.513398597613784,-0.599500000000006,"daily","Daphnia3 spp. Perca fluviatillis predation"
"502",502,"HMK019",171,1997,"Daphnia3 spp.","Perca fluviatillis","predation",110.5725,-0.696012315376935,129.181,-0.513398597613784,-18.6085,"daily","Daphnia3 spp. Perca fluviatillis predation"
"503",503,"HMK019",171,1998,"Daphnia3 spp.","Perca fluviatillis","predation",136.25,-0.696012315376935,128.187,-0.513398597613784,8.06299999999999,"daily","Daphnia3 spp. Perca fluviatillis predation"
"504",504,"HMK019",171,1999,"Daphnia3 spp.","Perca fluviatillis","predation",133.19,-0.696012315376935,125.8805,-0.513398597613784,7.3095,"daily","Daphnia3 spp. Perca fluviatillis predation"
"505",505,"HMK019",171,2000,"Daphnia3 spp.","Perca fluviatillis","predation",121.22,-0.696012315376935,126.424,-0.513398597613784,-5.20400000000001,"daily","Daphnia3 spp. Perca fluviatillis predation"
"506",506,"HMK019",171,2001,"Daphnia3 spp.","Perca fluviatillis","predation",132.4685,-0.696012315376935,135.3075,-0.513398597613784,-2.839,"daily","Daphnia3 spp. Perca fluviatillis predation"
"507",507,"HMK019",171,2002,"Daphnia3 spp.","Perca fluviatillis","predation",113.75,-0.696012315376935,124.3945,-0.513398597613784,-10.6445,"daily","Daphnia3 spp. Perca fluviatillis predation"
"508",508,"HMK019",171,2003,"Daphnia3 spp.","Perca fluviatillis","predation",100.91875,-0.696012315376935,130.897,-0.513398597613784,-29.97825,"daily","Daphnia3 spp. Perca fluviatillis predation"
"509",509,"HMK019",171,2005,"Daphnia3 spp.","Perca fluviatillis","predation",107.881,-0.696012315376935,126.7665,-0.513398597613784,-18.8855,"daily","Daphnia3 spp. Perca fluviatillis predation"
"510",510,"HMK019",171,2006,"Daphnia3 spp.","Perca fluviatillis","predation",123.75,-0.696012315376935,130.5205,-0.513398597613784,-6.7705,"daily","Daphnia3 spp. Perca fluviatillis predation"
"511",511,"HMK019",171,2008,"Daphnia3 spp.","Perca fluviatillis","predation",119.17,-0.696012315376935,126.487,-0.513398597613784,-7.31699999999999,"daily","Daphnia3 spp. Perca fluviatillis predation"
"536",536,"HMK027",177,1961,"Caterpillar spp.","Parus1 major","predation",105.172,-0.182992498750978,93.9847,-0.135115010845993,11.1873,"daily","Caterpillar spp. Parus1 major predation"
"537",537,"HMK027",177,1962,"Caterpillar spp.","Parus1 major","predation",123.017,-0.182992498750978,NA,NA,NA,"daily","Caterpillar spp. Parus1 major predation"
"538",538,"HMK027",177,1963,"Caterpillar spp.","Parus1 major","predation",121.983,-0.182992498750978,109.746,-0.135115010845993,12.237,"daily","Caterpillar spp. Parus1 major predation"
"539",539,"HMK027",177,1964,"Caterpillar spp.","Parus1 major","predation",121.983,-0.182992498750978,108.713,-0.135115010845993,13.27,"daily","Caterpillar spp. Parus1 major predation"
"540",540,"HMK027",177,1965,"Caterpillar spp.","Parus1 major","predation",128.707,-0.182992498750978,109.93,-0.135115010845993,18.777,"daily","Caterpillar spp. Parus1 major predation"
"541",541,"HMK027",177,1966,"Caterpillar spp.","Parus1 major","predation",119.138,-0.182992498750978,NA,NA,NA,"daily","Caterpillar spp. Parus1 major predation"
"542",542,"HMK027",177,1967,"Caterpillar spp.","Parus1 major","predation",119.655,-0.182992498750978,105.435,-0.135115010845993,14.22,"daily","Caterpillar spp. Parus1 major predation"
"543",543,"HMK027",177,1968,"Caterpillar spp.","Parus1 major","predation",118.621,-0.182992498750978,98.5127,-0.135115010845993,20.1083,"daily","Caterpillar spp. Parus1 major predation"
"544",544,"HMK027",177,1969,"Caterpillar spp.","Parus1 major","predation",124.828,-0.182992498750978,112.715,-0.135115010845993,12.113,"daily","Caterpillar spp. Parus1 major predation"
"545",545,"HMK027",177,1970,"Caterpillar spp.","Parus1 major","predation",125.086,-0.182992498750978,109.949,-0.135115010845993,15.137,"daily","Caterpillar spp. Parus1 major predation"
"546",546,"HMK027",177,1971,"Caterpillar spp.","Parus1 major","predation",119.655,-0.182992498750978,NA,NA,NA,"daily","Caterpillar spp. Parus1 major predation"
"547",547,"HMK027",177,1972,"Caterpillar spp.","Parus1 major","predation",117.845,-0.182992498750978,99.7395,-0.135115010845993,18.1055,"daily","Caterpillar spp. Parus1 major predation"
"548",548,"HMK027",177,1973,"Caterpillar spp.","Parus1 major","predation",120.69,-0.182992498750978,109.613,-0.135115010845993,11.077,"daily","Caterpillar spp. Parus1 major predation"
"549",549,"HMK027",177,1974,"Caterpillar spp.","Parus1 major","predation",102.328,-0.182992498750978,92.4743,-0.135115010845993,9.8537,"daily","Caterpillar spp. Parus1 major predation"
"550",550,"HMK027",177,1975,"Caterpillar spp.","Parus1 major","predation",123.793,-0.182992498750978,108.755,-0.135115010845993,15.038,"daily","Caterpillar spp. Parus1 major predation"
"551",551,"HMK027",177,1976,"Caterpillar spp.","Parus1 major","predation",122.5,-0.182992498750978,106.161,-0.135115010845993,16.339,"daily","Caterpillar spp. Parus1 major predation"
"552",552,"HMK027",177,1977,"Caterpillar spp.","Parus1 major","predation",119.655,-0.182992498750978,93.8708,-0.135115010845993,25.7842,"daily","Caterpillar spp. Parus1 major predation"
"553",553,"HMK027",177,1978,"Caterpillar spp.","Parus1 major","predation",126.897,-0.182992498750978,106.688,-0.135115010845993,20.209,"daily","Caterpillar spp. Parus1 major predation"
"554",554,"HMK027",177,1979,"Caterpillar spp.","Parus1 major","predation",124.569,-0.182992498750978,105.999,-0.135115010845993,18.57,"daily","Caterpillar spp. Parus1 major predation"
"555",555,"HMK027",177,1980,"Caterpillar spp.","Parus1 major","predation",132.845,-0.182992498750978,109.986,-0.135115010845993,22.859,"daily","Caterpillar spp. Parus1 major predation"
"556",556,"HMK027",177,1981,"Caterpillar spp.","Parus1 major","predation",117.845,-0.182992498750978,96.656,-0.135115010845993,21.189,"daily","Caterpillar spp. Parus1 major predation"
"557",557,"HMK027",177,1982,"Caterpillar spp.","Parus1 major","predation",124.828,-0.182992498750978,102.028,-0.135115010845993,22.8,"daily","Caterpillar spp. Parus1 major predation"
"558",558,"HMK027",177,1983,"Caterpillar spp.","Parus1 major","predation",118.103,-0.182992498750978,101.165,-0.135115010845993,16.938,"daily","Caterpillar spp. Parus1 major predation"
"559",559,"HMK027",177,1984,"Caterpillar spp.","Parus1 major","predation",122.759,-0.182992498750978,107.923,-0.135115010845993,14.836,"daily","Caterpillar spp. Parus1 major predation"
"560",560,"HMK027",177,1985,"Caterpillar spp.","Parus1 major","predation",124.052,-0.182992498750978,100.48,-0.135115010845993,23.572,"daily","Caterpillar spp. Parus1 major predation"
"561",561,"HMK027",177,1986,"Caterpillar spp.","Parus1 major","predation",120.431,-0.182992498750978,108.103,-0.135115010845993,12.328,"daily","Caterpillar spp. Parus1 major predation"
"562",562,"HMK027",177,1987,"Caterpillar spp.","Parus1 major","predation",120.69,-0.182992498750978,NA,NA,NA,"daily","Caterpillar spp. Parus1 major predation"
"563",563,"HMK027",177,1988,"Caterpillar spp.","Parus1 major","predation",118.621,-0.182992498750978,102.05,-0.135115010845993,16.571,"daily","Caterpillar spp. Parus1 major predation"
"564",564,"HMK027",177,1989,"Caterpillar spp.","Parus1 major","predation",107.5,-0.182992498750978,92.7025,-0.135115010845993,14.7975,"daily","Caterpillar spp. Parus1 major predation"
"565",565,"HMK027",177,1990,"Caterpillar spp.","Parus1 major","predation",108.276,-0.182992498750978,91.321,-0.135115010845993,16.955,"daily","Caterpillar spp. Parus1 major predation"
"566",566,"HMK027",177,1991,"Caterpillar spp.","Parus1 major","predation",118.362,-0.182992498750978,97.0387,-0.135115010845993,21.3233,"daily","Caterpillar spp. Parus1 major predation"
"567",567,"HMK027",177,1993,"Caterpillar spp.","Parus1 major","predation",119.138,-0.182992498750978,103.627,-0.135115010845993,15.511,"daily","Caterpillar spp. Parus1 major predation"
"568",568,"HMK027",177,1994,"Caterpillar spp.","Parus1 major","predation",111.897,-0.182992498750978,91.5091,-0.135115010845993,20.3879,"daily","Caterpillar spp. Parus1 major predation"
"569",569,"HMK027",177,1995,"Caterpillar spp.","Parus1 major","predation",118.621,-0.182992498750978,105.019,-0.135115010845993,13.602,"daily","Caterpillar spp. Parus1 major predation"
"570",570,"HMK027",177,1997,"Caterpillar spp.","Parus1 major","predation",123.017,-0.182992498750978,99.8313,-0.135115010845993,23.1857,"daily","Caterpillar spp. Parus1 major predation"
"571",571,"HMK027",177,1998,"Caterpillar spp.","Parus1 major","predation",115.776,-0.182992498750978,NA,NA,NA,"daily","Caterpillar spp. Parus1 major predation"
"572",572,"HMK027",177,1999,"Caterpillar spp.","Parus1 major","predation",109.31,-0.182992498750978,96.376,-0.135115010845993,12.934,"daily","Caterpillar spp. Parus1 major predation"
"573",573,"HMK027",177,2000,"Caterpillar spp.","Parus1 major","predation",114.741,-0.182992498750978,101.921,-0.135115010845993,12.82,"daily","Caterpillar spp. Parus1 major predation"
"574",574,"HMK027",177,2001,"Caterpillar spp.","Parus1 major","predation",114.224,-0.182992498750978,NA,NA,NA,"daily","Caterpillar spp. Parus1 major predation"
"575",575,"HMK027",177,2002,"Caterpillar spp.","Parus1 major","predation",106.983,-0.182992498750978,94.6556,-0.135115010845993,12.3274,"daily","Caterpillar spp. Parus1 major predation"
"576",576,"HMK027",177,2003,"Caterpillar spp.","Parus1 major","predation",116.293,-0.182992498750978,105.049,-0.135115010845993,11.244,"daily","Caterpillar spp. Parus1 major predation"
"577",577,"HMK027",177,2004,"Caterpillar spp.","Parus1 major","predation",115.5175,-0.182992498750978,98.4726,-0.135115010845993,17.0449,"daily","Caterpillar spp. Parus1 major predation"
"578",578,"HMK027",177,2006,"Caterpillar spp.","Parus1 major","predation",118.103,-0.182992498750978,NA,NA,NA,"daily","Caterpillar spp. Parus1 major predation"
"579",579,"HMK027",177,2007,"Caterpillar spp.","Parus1 major","predation",106.724,-0.182992498750978,NA,NA,NA,"daily","Caterpillar spp. Parus1 major predation"
"580",580,"HMK027",178,1961,"Caterpillar spp.","Ficedula1 albicollis","predation",105.172,-0.182992498750978,NA,NA,NA,"daily","Caterpillar spp. Ficedula1 albicollis predation"
"581",581,"HMK027",178,1962,"Caterpillar spp.","Ficedula1 albicollis","predation",123.017,-0.182992498750978,118.154,-0.192331808613633,4.863,"daily","Caterpillar spp. Ficedula1 albicollis predation"
"582",582,"HMK027",178,1963,"Caterpillar spp.","Ficedula1 albicollis","predation",121.983,-0.182992498750978,NA,NA,NA,"daily","Caterpillar spp. Ficedula1 albicollis predation"
"583",583,"HMK027",178,1964,"Caterpillar spp.","Ficedula1 albicollis","predation",121.983,-0.182992498750978,NA,NA,NA,"daily","Caterpillar spp. Ficedula1 albicollis predation"
"584",584,"HMK027",178,1965,"Caterpillar spp.","Ficedula1 albicollis","predation",128.707,-0.182992498750978,125.6155,-0.192331808613633,3.0915,"daily","Caterpillar spp. Ficedula1 albicollis predation"
"585",585,"HMK027",178,1966,"Caterpillar spp.","Ficedula1 albicollis","predation",119.138,-0.182992498750978,118.385,-0.192331808613633,0.753,"daily","Caterpillar spp. Ficedula1 albicollis predation"
"586",586,"HMK027",178,1967,"Caterpillar spp.","Ficedula1 albicollis","predation",119.655,-0.182992498750978,NA,NA,NA,"daily","Caterpillar spp. Ficedula1 albicollis predation"
"587",587,"HMK027",178,1968,"Caterpillar spp.","Ficedula1 albicollis","predation",118.621,-0.182992498750978,124.077,-0.192331808613633,-5.456,"daily","Caterpillar spp. Ficedula1 albicollis predation"
"588",588,"HMK027",178,1969,"Caterpillar spp.","Ficedula1 albicollis","predation",124.828,-0.182992498750978,121.308,-0.192331808613633,3.52,"daily","Caterpillar spp. Ficedula1 albicollis predation"
"589",589,"HMK027",178,1970,"Caterpillar spp.","Ficedula1 albicollis","predation",125.086,-0.182992498750978,125.615,-0.192331808613633,-0.528999999999996,"daily","Caterpillar spp. Ficedula1 albicollis predation"
"590",590,"HMK027",178,1971,"Caterpillar spp.","Ficedula1 albicollis","predation",119.655,-0.182992498750978,120.846,-0.192331808613633,-1.191,"daily","Caterpillar spp. Ficedula1 albicollis predation"
"591",591,"HMK027",178,1972,"Caterpillar spp.","Ficedula1 albicollis","predation",117.845,-0.182992498750978,117.308,-0.192331808613633,0.536999999999992,"daily","Caterpillar spp. Ficedula1 albicollis predation"
"592",592,"HMK027",178,1973,"Caterpillar spp.","Ficedula1 albicollis","predation",120.69,-0.182992498750978,122.692,-0.192331808613633,-2.002,"daily","Caterpillar spp. Ficedula1 albicollis predation"
"593",593,"HMK027",178,1974,"Caterpillar spp.","Ficedula1 albicollis","predation",102.328,-0.182992498750978,120.231,-0.192331808613633,-17.903,"daily","Caterpillar spp. Ficedula1 albicollis predation"
"594",594,"HMK027",178,1975,"Caterpillar spp.","Ficedula1 albicollis","predation",123.793,-0.182992498750978,122.846,-0.192331808613633,0.947000000000003,"daily","Caterpillar spp. Ficedula1 albicollis predation"
"595",595,"HMK027",178,1976,"Caterpillar spp.","Ficedula1 albicollis","predation",122.5,-0.182992498750978,123.923,-0.192331808613633,-1.423,"daily","Caterpillar spp. Ficedula1 albicollis predation"
"596",596,"HMK027",178,1977,"Caterpillar spp.","Ficedula1 albicollis","predation",119.655,-0.182992498750978,118.692,-0.192331808613633,0.963000000000008,"daily","Caterpillar spp. Ficedula1 albicollis predation"
"597",597,"HMK027",178,1978,"Caterpillar spp.","Ficedula1 albicollis","predation",126.897,-0.182992498750978,120.077,-0.192331808613633,6.82000000000001,"daily","Caterpillar spp. Ficedula1 albicollis predation"
"598",598,"HMK027",178,1979,"Caterpillar spp.","Ficedula1 albicollis","predation",124.569,-0.182992498750978,NA,NA,NA,"daily","Caterpillar spp. Ficedula1 albicollis predation"
"599",599,"HMK027",178,1980,"Caterpillar spp.","Ficedula1 albicollis","predation",132.845,-0.182992498750978,129.769,-0.192331808613633,3.07599999999999,"daily","Caterpillar spp. Ficedula1 albicollis predation"
"600",600,"HMK027",178,1981,"Caterpillar spp.","Ficedula1 albicollis","predation",117.845,-0.182992498750978,111.308,-0.192331808613633,6.53699999999999,"daily","Caterpillar spp. Ficedula1 albicollis predation"
"601",601,"HMK027",178,1982,"Caterpillar spp.","Ficedula1 albicollis","predation",124.828,-0.182992498750978,128.077,-0.192331808613633,-3.249,"daily","Caterpillar spp. Ficedula1 albicollis predation"
"602",602,"HMK027",178,1983,"Caterpillar spp.","Ficedula1 albicollis","predation",118.103,-0.182992498750978,116.538,-0.192331808613633,1.565,"daily","Caterpillar spp. Ficedula1 albicollis predation"
"603",603,"HMK027",178,1984,"Caterpillar spp.","Ficedula1 albicollis","predation",122.759,-0.182992498750978,121.923,-0.192331808613633,0.835999999999999,"daily","Caterpillar spp. Ficedula1 albicollis predation"
"604",604,"HMK027",178,1985,"Caterpillar spp.","Ficedula1 albicollis","predation",124.052,-0.182992498750978,NA,NA,NA,"daily","Caterpillar spp. Ficedula1 albicollis predation"
"605",605,"HMK027",178,1986,"Caterpillar spp.","Ficedula1 albicollis","predation",120.431,-0.182992498750978,117.462,-0.192331808613633,2.96899999999999,"daily","Caterpillar spp. Ficedula1 albicollis predation"
"606",606,"HMK027",178,1987,"Caterpillar spp.","Ficedula1 albicollis","predation",120.69,-0.182992498750978,NA,NA,NA,"daily","Caterpillar spp. Ficedula1 albicollis predation"
"607",607,"HMK027",178,1988,"Caterpillar spp.","Ficedula1 albicollis","predation",118.621,-0.182992498750978,122.538,-0.192331808613633,-3.917,"daily","Caterpillar spp. Ficedula1 albicollis predation"
"608",608,"HMK027",178,1989,"Caterpillar spp.","Ficedula1 albicollis","predation",107.5,-0.182992498750978,108.538,-0.192331808613633,-1.038,"daily","Caterpillar spp. Ficedula1 albicollis predation"
"609",609,"HMK027",178,1990,"Caterpillar spp.","Ficedula1 albicollis","predation",108.276,-0.182992498750978,119.154,-0.192331808613633,-10.878,"daily","Caterpillar spp. Ficedula1 albicollis predation"
"610",610,"HMK027",178,1991,"Caterpillar spp.","Ficedula1 albicollis","predation",118.362,-0.182992498750978,121,-0.192331808613633,-2.63800000000001,"daily","Caterpillar spp. Ficedula1 albicollis predation"
"611",611,"HMK027",178,1993,"Caterpillar spp.","Ficedula1 albicollis","predation",119.138,-0.182992498750978,NA,NA,NA,"daily","Caterpillar spp. Ficedula1 albicollis predation"
"612",612,"HMK027",178,1994,"Caterpillar spp.","Ficedula1 albicollis","predation",111.897,-0.182992498750978,114.385,-0.192331808613633,-2.488,"daily","Caterpillar spp. Ficedula1 albicollis predation"
"613",613,"HMK027",178,1995,"Caterpillar spp.","Ficedula1 albicollis","predation",118.621,-0.182992498750978,117.154,-0.192331808613633,1.467,"daily","Caterpillar spp. Ficedula1 albicollis predation"
"614",614,"HMK027",178,1997,"Caterpillar spp.","Ficedula1 albicollis","predation",123.017,-0.182992498750978,122.846,-0.192331808613633,0.170999999999992,"daily","Caterpillar spp. Ficedula1 albicollis predation"
"615",615,"HMK027",178,1998,"Caterpillar spp.","Ficedula1 albicollis","predation",115.776,-0.182992498750978,115.308,-0.192331808613633,0.467999999999989,"daily","Caterpillar spp. Ficedula1 albicollis predation"
"616",616,"HMK027",178,1999,"Caterpillar spp.","Ficedula1 albicollis","predation",109.31,-0.182992498750978,NA,NA,NA,"daily","Caterpillar spp. Ficedula1 albicollis predation"
"617",617,"HMK027",178,2000,"Caterpillar spp.","Ficedula1 albicollis","predation",114.741,-0.182992498750978,113.462,-0.192331808613633,1.279,"daily","Caterpillar spp. Ficedula1 albicollis predation"
"618",618,"HMK027",178,2001,"Caterpillar spp.","Ficedula1 albicollis","predation",114.224,-0.182992498750978,118.692,-0.192331808613633,-4.46799999999999,"daily","Caterpillar spp. Ficedula1 albicollis predation"
"619",619,"HMK027",178,2002,"Caterpillar spp.","Ficedula1 albicollis","predation",106.983,-0.182992498750978,115.846,-0.192331808613633,-8.863,"daily","Caterpillar spp. Ficedula1 albicollis predation"
"620",620,"HMK027",178,2003,"Caterpillar spp.","Ficedula1 albicollis","predation",116.293,-0.182992498750978,116.077,-0.192331808613633,0.216000000000008,"daily","Caterpillar spp. Ficedula1 albicollis predation"
"621",621,"HMK027",178,2004,"Caterpillar spp.","Ficedula1 albicollis","predation",115.5175,-0.182992498750978,116.231,-0.192331808613633,-0.713499999999982,"daily","Caterpillar spp. Ficedula1 albicollis predation"
"622",622,"HMK027",178,2006,"Caterpillar spp.","Ficedula1 albicollis","predation",118.103,-0.182992498750978,108.538,-0.192331808613633,9.565,"daily","Caterpillar spp. Ficedula1 albicollis predation"
"623",623,"HMK027",178,2007,"Caterpillar spp.","Ficedula1 albicollis","predation",106.724,-0.182992498750978,NA,NA,NA,"daily","Caterpillar spp. Ficedula1 albicollis predation"
"624",624,"HMK027",179,1961,"Quercus2 robur","Caterpillar spp.","herbivory",96.0599,-0.124616806890636,105.172,-0.182992498750978,-9.1121,"daily","Quercus2 robur Caterpillar spp. herbivory"
"625",625,"HMK027",179,1962,"Quercus2 robur","Caterpillar spp.","herbivory",112.912,-0.124616806890636,123.017,-0.182992498750978,-10.105,"daily","Quercus2 robur Caterpillar spp. herbivory"
"626",626,"HMK027",179,1964,"Quercus2 robur","Caterpillar spp.","herbivory",117.151,-0.124616806890636,121.983,-0.182992498750978,-4.83200000000001,"daily","Quercus2 robur Caterpillar spp. herbivory"
"627",627,"HMK027",179,1965,"Quercus2 robur","Caterpillar spp.","herbivory",105.852,-0.124616806890636,128.707,-0.182992498750978,-22.855,"daily","Quercus2 robur Caterpillar spp. herbivory"
"628",628,"HMK027",179,1968,"Quercus2 robur","Caterpillar spp.","herbivory",114.039,-0.124616806890636,118.621,-0.182992498750978,-4.58199999999999,"daily","Quercus2 robur Caterpillar spp. herbivory"
"629",629,"HMK027",179,1970,"Quercus2 robur","Caterpillar spp.","herbivory",110.115,-0.124616806890636,125.086,-0.182992498750978,-14.971,"daily","Quercus2 robur Caterpillar spp. herbivory"
"630",630,"HMK027",179,1971,"Quercus2 robur","Caterpillar spp.","herbivory",103.553,-0.124616806890636,119.655,-0.182992498750978,-16.102,"daily","Quercus2 robur Caterpillar spp. herbivory"
"631",631,"HMK027",179,1972,"Quercus2 robur","Caterpillar spp.","herbivory",115.669,-0.124616806890636,117.845,-0.182992498750978,-2.176,"daily","Quercus2 robur Caterpillar spp. herbivory"
"632",632,"HMK027",179,1973,"Quercus2 robur","Caterpillar spp.","herbivory",95.6802,-0.124616806890636,120.69,-0.182992498750978,-25.0098,"daily","Quercus2 robur Caterpillar spp. herbivory"
"633",633,"HMK027",179,1974,"Quercus2 robur","Caterpillar spp.","herbivory",113.848,-0.124616806890636,102.328,-0.182992498750978,11.52,"daily","Quercus2 robur Caterpillar spp. herbivory"
"634",634,"HMK027",179,1975,"Quercus2 robur","Caterpillar spp.","herbivory",111.229,-0.124616806890636,123.793,-0.182992498750978,-12.564,"daily","Quercus2 robur Caterpillar spp. herbivory"
"635",635,"HMK027",179,1976,"Quercus2 robur","Caterpillar spp.","herbivory",112.294,-0.124616806890636,122.5,-0.182992498750978,-10.206,"daily","Quercus2 robur Caterpillar spp. herbivory"
"636",636,"HMK027",179,1977,"Quercus2 robur","Caterpillar spp.","herbivory",115.724,-0.124616806890636,119.655,-0.182992498750978,-3.931,"daily","Quercus2 robur Caterpillar spp. herbivory"
"637",637,"HMK027",179,1978,"Quercus2 robur","Caterpillar spp.","herbivory",111.791,-0.124616806890636,126.897,-0.182992498750978,-15.106,"daily","Quercus2 robur Caterpillar spp. herbivory"
"638",638,"HMK027",179,1979,"Quercus2 robur","Caterpillar spp.","herbivory",121.276,-0.124616806890636,124.569,-0.182992498750978,-3.29300000000001,"daily","Quercus2 robur Caterpillar spp. herbivory"
"639",639,"HMK027",179,1980,"Quercus2 robur","Caterpillar spp.","herbivory",99.1814,-0.124616806890636,132.845,-0.182992498750978,-33.6636,"daily","Quercus2 robur Caterpillar spp. herbivory"
"640",640,"HMK027",179,1981,"Quercus2 robur","Caterpillar spp.","herbivory",111.032,-0.124616806890636,117.845,-0.182992498750978,-6.813,"daily","Quercus2 robur Caterpillar spp. herbivory"
"641",641,"HMK027",179,1982,"Quercus2 robur","Caterpillar spp.","herbivory",109.994,-0.124616806890636,124.828,-0.182992498750978,-14.834,"daily","Quercus2 robur Caterpillar spp. herbivory"
"642",642,"HMK027",179,1983,"Quercus2 robur","Caterpillar spp.","herbivory",113.163,-0.124616806890636,118.103,-0.182992498750978,-4.94,"daily","Quercus2 robur Caterpillar spp. herbivory"
"643",643,"HMK027",179,1984,"Quercus2 robur","Caterpillar spp.","herbivory",110.543,-0.124616806890636,122.759,-0.182992498750978,-12.216,"daily","Quercus2 robur Caterpillar spp. herbivory"
"644",644,"HMK027",179,1986,"Quercus2 robur","Caterpillar spp.","herbivory",112.934,-0.124616806890636,120.431,-0.182992498750978,-7.497,"daily","Quercus2 robur Caterpillar spp. herbivory"
"645",645,"HMK027",179,1988,"Quercus2 robur","Caterpillar spp.","herbivory",101.376,-0.124616806890636,118.621,-0.182992498750978,-17.245,"daily","Quercus2 robur Caterpillar spp. herbivory"
"646",646,"HMK027",179,1989,"Quercus2 robur","Caterpillar spp.","herbivory",93.2322,-0.124616806890636,107.5,-0.182992498750978,-14.2678,"daily","Quercus2 robur Caterpillar spp. herbivory"
"647",647,"HMK027",179,1991,"Quercus2 robur","Caterpillar spp.","herbivory",106.67,-0.124616806890636,118.362,-0.182992498750978,-11.692,"daily","Quercus2 robur Caterpillar spp. herbivory"
"648",648,"HMK027",179,1993,"Quercus2 robur","Caterpillar spp.","herbivory",106.167,-0.124616806890636,119.138,-0.182992498750978,-12.971,"daily","Quercus2 robur Caterpillar spp. herbivory"
"649",649,"HMK027",179,1994,"Quercus2 robur","Caterpillar spp.","herbivory",107.232,-0.124616806890636,111.897,-0.182992498750978,-4.66500000000001,"daily","Quercus2 robur Caterpillar spp. herbivory"
"650",650,"HMK027",179,1995,"Quercus2 robur","Caterpillar spp.","herbivory",112.901,-0.124616806890636,118.621,-0.182992498750978,-5.72,"daily","Quercus2 robur Caterpillar spp. herbivory"
"651",651,"HMK027",179,1996,"Quercus2 robur","Caterpillar spp.","herbivory",115.153,-0.124616806890636,NA,NA,NA,"daily","Quercus2 robur Caterpillar spp. herbivory"
"652",652,"HMK027",179,1997,"Quercus2 robur","Caterpillar spp.","herbivory",105.427,-0.124616806890636,123.017,-0.182992498750978,-17.59,"daily","Quercus2 robur Caterpillar spp. herbivory"
"653",653,"HMK027",179,1998,"Quercus2 robur","Caterpillar spp.","herbivory",99.9133,-0.124616806890636,115.776,-0.182992498750978,-15.8627,"daily","Quercus2 robur Caterpillar spp. herbivory"
"654",654,"HMK027",179,2000,"Quercus2 robur","Caterpillar spp.","herbivory",103.6155,-0.124616806890636,114.741,-0.182992498750978,-11.1255,"daily","Quercus2 robur Caterpillar spp. herbivory"
"655",655,"HMK027",179,2002,"Quercus2 robur","Caterpillar spp.","herbivory",101.66475,-0.124616806890636,106.983,-0.182992498750978,-5.31825000000001,"daily","Quercus2 robur Caterpillar spp. herbivory"
"656",656,"HMK027",179,2004,"Quercus2 robur","Caterpillar spp.","herbivory",106.425,-0.124616806890636,115.5175,-0.182992498750978,-9.09250000000002,"daily","Quercus2 robur Caterpillar spp. herbivory"
"657",657,"HMK027",179,2006,"Quercus2 robur","Caterpillar spp.","herbivory",109.994,-0.124616806890636,118.103,-0.182992498750978,-8.10899999999999,"daily","Quercus2 robur Caterpillar spp. herbivory"
"658",658,"HMK027",179,2007,"Quercus2 robur","Caterpillar spp.","herbivory",99.743,-0.124616806890636,106.724,-0.182992498750978,-6.98100000000001,"daily","Quercus2 robur Caterpillar spp. herbivory"
"659",659,"HMK028",180,1961,"Operophtera brumata","Parus2 major","predation",140.5084,-0.356399997454411,112.7814,-0.264192645698434,27.727,"daily","Operophtera brumata Parus2 major predation"
"660",660,"HMK028",180,1962,"Operophtera brumata","Parus2 major","predation",165.6977,-0.356399997454411,123.9555,-0.264192645698434,41.7422,"daily","Operophtera brumata Parus2 major predation"
"661",661,"HMK028",180,1963,"Operophtera brumata","Parus2 major","predation",159.5276,-0.356399997454411,119.9474,-0.264192645698434,39.5802,"daily","Operophtera brumata Parus2 major predation"
"662",662,"HMK028",180,1964,"Operophtera brumata","Parus2 major","predation",201.3834,-0.356399997454411,125.8057,-0.264192645698434,75.5777,"daily","Operophtera brumata Parus2 major predation"
"663",663,"HMK028",180,1965,"Operophtera brumata","Parus2 major","predation",149.6574,-0.356399997454411,121.0405,-0.264192645698434,28.6169,"daily","Operophtera brumata Parus2 major predation"
"664",664,"HMK028",180,1966,"Operophtera brumata","Parus2 major","predation",155.5865,-0.356399997454411,125.8988,-0.264192645698434,29.6877,"daily","Operophtera brumata Parus2 major predation"
"665",665,"HMK028",180,1967,"Operophtera brumata","Parus2 major","predation",157.5645,-0.356399997454411,120.3117,-0.264192645698434,37.2528,"daily","Operophtera brumata Parus2 major predation"
"666",666,"HMK028",180,1968,"Operophtera brumata","Parus2 major","predation",159.4319,-0.356399997454411,122.6478,-0.264192645698434,36.7841,"daily","Operophtera brumata Parus2 major predation"
"667",667,"HMK028",180,1969,"Operophtera brumata","Parus2 major","predation",159.4228,-0.356399997454411,126.0202,-0.264192645698434,33.4026,"daily","Operophtera brumata Parus2 major predation"
"668",668,"HMK028",180,1970,"Operophtera brumata","Parus2 major","predation",156.5864,-0.356399997454411,126.5061,-0.264192645698434,30.0803,"daily","Operophtera brumata Parus2 major predation"
"669",669,"HMK028",180,1971,"Operophtera brumata","Parus2 major","predation",156.5891,-0.356399997454411,125.0486,-0.264192645698434,31.5405,"daily","Operophtera brumata Parus2 major predation"
"670",670,"HMK028",180,1975,"Operophtera brumata","Parus2 major","predation",159.5639,-0.356399997454411,123.4696,-0.264192645698434,36.0943,"daily","Operophtera brumata Parus2 major predation"
"671",671,"HMK028",180,1983,"Operophtera brumata","Parus2 major","predation",162.9218,-0.356399997454411,120.5547,-0.264192645698434,42.3671,"daily","Operophtera brumata Parus2 major predation"
"672",672,"HMK028",180,1984,"Operophtera brumata","Parus2 major","predation",162.5678,-0.356399997454411,129.9352,-0.264192645698434,32.6326,"daily","Operophtera brumata Parus2 major predation"
"673",673,"HMK028",180,1985,"Operophtera brumata","Parus2 major","predation",157.7434,-0.356399997454411,116.9109,-0.264192645698434,40.8325,"daily","Operophtera brumata Parus2 major predation"
"674",674,"HMK028",180,1986,"Operophtera brumata","Parus2 major","predation",165.6478,-0.356399997454411,130.1498,-0.264192645698434,35.498,"daily","Operophtera brumata Parus2 major predation"
"675",675,"HMK028",180,1987,"Operophtera brumata","Parus2 major","predation",152.688,-0.356399997454411,113.6316,-0.264192645698434,39.0564,"daily","Operophtera brumata Parus2 major predation"
"676",676,"HMK028",180,1988,"Operophtera brumata","Parus2 major","predation",153.6916,-0.356399997454411,124.7126,-0.264192645698434,28.979,"daily","Operophtera brumata Parus2 major predation"
"677",677,"HMK028",180,1993,"Operophtera brumata","Parus2 major","predation",150.3609,-0.356399997454411,112.5385,-0.264192645698434,37.8224,"daily","Operophtera brumata Parus2 major predation"
"678",678,"HMK028",180,1994,"Operophtera brumata","Parus2 major","predation",152.339,-0.356399997454411,118.6113,-0.264192645698434,33.7277,"daily","Operophtera brumata Parus2 major predation"
"679",679,"HMK028",180,1995,"Operophtera brumata","Parus2 major","predation",145.3051,-0.356399997454411,109.9879,-0.264192645698434,35.3172,"daily","Operophtera brumata Parus2 major predation"
"680",680,"HMK028",180,1996,"Operophtera brumata","Parus2 major","predation",163.3453,-0.356399997454411,121.4332,-0.264192645698434,41.9121,"daily","Operophtera brumata Parus2 major predation"
"681",681,"HMK028",180,1997,"Operophtera brumata","Parus2 major","predation",142.348,-0.356399997454411,104.5223,-0.264192645698434,37.8257,"daily","Operophtera brumata Parus2 major predation"
"682",682,"HMK028",180,1998,"Operophtera brumata","Parus2 major","predation",147.2886,-0.356399997454411,116.9109,-0.264192645698434,30.3777,"daily","Operophtera brumata Parus2 major predation"
"683",683,"HMK028",180,1999,"Operophtera brumata","Parus2 major","predation",145.1934,-0.356399997454411,114.1174,-0.264192645698434,31.076,"daily","Operophtera brumata Parus2 major predation"
"684",684,"HMK028",180,2000,"Operophtera brumata","Parus2 major","predation",146.3201,-0.356399997454411,117.5466,-0.264192645698434,28.7735,"daily","Operophtera brumata Parus2 major predation"
"685",685,"HMK028",180,2001,"Operophtera brumata","Parus2 major","predation",153.3475,-0.356399997454411,122.9838,-0.264192645698434,30.3637,"daily","Operophtera brumata Parus2 major predation"
"686",686,"HMK028",180,2002,"Operophtera brumata","Parus2 major","predation",143.2277,-0.356399997454411,104.8866,-0.264192645698434,38.3411,"daily","Operophtera brumata Parus2 major predation"
"687",687,"HMK028",180,2003,"Operophtera brumata","Parus2 major","predation",142.2436,-0.356399997454411,115.0891,-0.264192645698434,27.1545,"daily","Operophtera brumata Parus2 major predation"
"688",688,"HMK028",180,2004,"Operophtera brumata","Parus2 major","predation",147.3204,-0.356399997454411,111.2308,-0.264192645698434,36.0896,"daily","Operophtera brumata Parus2 major predation"
"689",689,"HMK028",180,2005,"Operophtera brumata","Parus2 major","predation",147.3108,-0.356399997454411,113.996,-0.264192645698434,33.3148,"daily","Operophtera brumata Parus2 major predation"
"690",690,"HMK028",180,2006,"Operophtera brumata","Parus2 major","predation",150.277,-0.356399997454411,117.0324,-0.264192645698434,33.2446,"daily","Operophtera brumata Parus2 major predation"
"906",906,"HMK032",189,1956,"Asterionella spp.","Daphnia hyalina-galeata","herbivory",139.8299,-0.401231081081081,140.0553,-0.248595959359862,-0.225399999999979,"weekly","Asterionella spp. Daphnia hyalina-galeata herbivory"
"907",907,"HMK032",189,1957,"Asterionella spp.","Daphnia hyalina-galeata","herbivory",154.1813,-0.401231081081081,NA,NA,NA,"weekly","Asterionella spp. Daphnia hyalina-galeata herbivory"
"908",908,"HMK032",189,1958,"Asterionella spp.","Daphnia hyalina-galeata","herbivory",139.8397,-0.401231081081081,153.9902,-0.248595959359862,-14.1505,"weekly","Asterionella spp. Daphnia hyalina-galeata herbivory"
"909",909,"HMK032",189,1959,"Asterionella spp.","Daphnia hyalina-galeata","herbivory",140.0924,-0.401231081081081,140.07035,-0.248595959359862,0.0220500000000072,"weekly","Asterionella spp. Daphnia hyalina-galeata herbivory"
"910",910,"HMK032",189,1960,"Asterionella spp.","Daphnia hyalina-galeata","herbivory",140.0987,-0.401231081081081,NA,NA,NA,"weekly","Asterionella spp. Daphnia hyalina-galeata herbivory"
"911",911,"HMK032",189,1961,"Asterionella spp.","Daphnia hyalina-galeata","herbivory",147.0287,-0.401231081081081,136.7527,-0.248595959359862,10.276,"weekly","Asterionella spp. Daphnia hyalina-galeata herbivory"
"912",912,"HMK032",189,1962,"Asterionella spp.","Daphnia hyalina-galeata","herbivory",133.1806,-0.401231081081081,133.063,-0.248595959359862,0.11760000000001,"weekly","Asterionella spp. Daphnia hyalina-galeata herbivory"
"913",913,"HMK032",189,1963,"Asterionella spp.","Daphnia hyalina-galeata","herbivory",133.1855,-0.401231081081081,NA,NA,NA,"weekly","Asterionella spp. Daphnia hyalina-galeata herbivory"
"914",914,"HMK032",189,1964,"Asterionella spp.","Daphnia hyalina-galeata","herbivory",153.9692,-0.401231081081081,133.0679,-0.248595959359862,20.9013,"weekly","Asterionella spp. Daphnia hyalina-galeata herbivory"
"915",915,"HMK032",189,1965,"Asterionella spp.","Daphnia hyalina-galeata","herbivory",140.1225,-0.401231081081081,147.1232,-0.248595959359862,-7.00069999999999,"weekly","Asterionella spp. Daphnia hyalina-galeata herbivory"
"916",916,"HMK032",189,1966,"Asterionella spp.","Daphnia hyalina-galeata","herbivory",147.0525,-0.401231081081081,147.3745,-0.248595959359862,-0.322000000000003,"weekly","Asterionella spp. Daphnia hyalina-galeata herbivory"
"917",917,"HMK032",189,1967,"Asterionella spp.","Daphnia hyalina-galeata","herbivory",126.0336,-0.401231081081081,150.83145,-0.248595959359862,-24.79785,"weekly","Asterionella spp. Daphnia hyalina-galeata herbivory"
"918",918,"HMK032",189,1968,"Asterionella spp.","Daphnia hyalina-galeata","herbivory",132.9643,-0.401231081081081,NA,NA,NA,"weekly","Asterionella spp. Daphnia hyalina-galeata herbivory"
"919",919,"HMK032",189,1969,"Asterionella spp.","Daphnia hyalina-galeata","herbivory",147.0672,-0.401231081081081,154.2905,-0.248595959359862,-7.22329999999999,"weekly","Asterionella spp. Daphnia hyalina-galeata herbivory"
"920",920,"HMK032",189,1970,"Asterionella spp.","Daphnia hyalina-galeata","herbivory",140.1477,-0.401231081081081,154.2954,-0.248595959359862,-14.1477,"weekly","Asterionella spp. Daphnia hyalina-galeata herbivory"
"921",921,"HMK032",189,1971,"Asterionella spp.","Daphnia hyalina-galeata","herbivory",146.8285,-0.401231081081081,154.17885,-0.248595959359862,-7.35035000000002,"weekly","Asterionella spp. Daphnia hyalina-galeata herbivory"
"922",922,"HMK032",189,1972,"Asterionella spp.","Daphnia hyalina-galeata","herbivory",154.2555,-0.401231081081081,NA,NA,NA,"weekly","Asterionella spp. Daphnia hyalina-galeata herbivory"
"923",923,"HMK032",189,1973,"Asterionella spp.","Daphnia hyalina-galeata","herbivory",147.336,-0.401231081081081,154.0637,-0.248595959359862,-6.7277,"weekly","Asterionella spp. Daphnia hyalina-galeata herbivory"
"924",924,"HMK032",189,1974,"Asterionella spp.","Daphnia hyalina-galeata","herbivory",154.0175,-0.401231081081081,140.3906,-0.248595959359862,13.6269,"weekly","Asterionella spp. Daphnia hyalina-galeata herbivory"
"925",925,"HMK032",189,1975,"Asterionella spp.","Daphnia hyalina-galeata","herbivory",132.9986,-0.401231081081081,147.4228,-0.248595959359862,-14.4242,"weekly","Asterionella spp. Daphnia hyalina-galeata herbivory"
"926",926,"HMK032",189,1976,"Asterionella spp.","Daphnia hyalina-galeata","herbivory",154.5236,-0.401231081081081,NA,NA,NA,"weekly","Asterionella spp. Daphnia hyalina-galeata herbivory"
"927",927,"HMK032",189,1977,"Asterionella spp.","Daphnia hyalina-galeata","herbivory",147.3549,-0.401231081081081,126.231,-0.248595959359862,21.1239,"weekly","Asterionella spp. Daphnia hyalina-galeata herbivory"
"928",928,"HMK032",189,1978,"Asterionella spp.","Daphnia hyalina-galeata","herbivory",111.9867,-0.401231081081081,147.18935,-0.248595959359862,-35.20265,"weekly","Asterionella spp. Daphnia hyalina-galeata herbivory"
"929",929,"HMK032",189,1979,"Asterionella spp.","Daphnia hyalina-galeata","herbivory",126.3402,-0.401231081081081,NA,NA,NA,"weekly","Asterionella spp. Daphnia hyalina-galeata herbivory"
"930",930,"HMK032",189,1980,"Asterionella spp.","Daphnia hyalina-galeata","herbivory",125.8495,-0.401231081081081,143.871,-0.248595959359862,-18.0215,"weekly","Asterionella spp. Daphnia hyalina-galeata herbivory"
"931",931,"HMK032",189,1981,"Asterionella spp.","Daphnia hyalina-galeata","herbivory",147.1267,-0.401231081081081,NA,NA,NA,"weekly","Asterionella spp. Daphnia hyalina-galeata herbivory"
"932",932,"HMK032",189,1982,"Asterionella spp.","Daphnia hyalina-galeata","herbivory",111.7606,-0.401231081081081,143.6344,-0.248595959359862,-31.8738,"weekly","Asterionella spp. Daphnia hyalina-galeata herbivory"
"933",933,"HMK032",189,1983,"Asterionella spp.","Daphnia hyalina-galeata","herbivory",133.0364,-0.401231081081081,NA,NA,NA,"weekly","Asterionella spp. Daphnia hyalina-galeata herbivory"
"934",934,"HMK032",189,1984,"Asterionella spp.","Daphnia hyalina-galeata","herbivory",133.0427,-0.401231081081081,147.4648,-0.248595959359862,-14.4221,"weekly","Asterionella spp. Daphnia hyalina-galeata herbivory"
"935",935,"HMK032",189,1985,"Asterionella spp.","Daphnia hyalina-galeata","herbivory",139.9734,-0.401231081081081,147.4697,-0.248595959359862,-7.49629999999999,"weekly","Asterionella spp. Daphnia hyalina-galeata herbivory"
"936",936,"HMK032",189,1986,"Asterionella spp.","Daphnia hyalina-galeata","herbivory",154.3248,-0.401231081081081,133.4235,-0.248595959359862,20.9013,"weekly","Asterionella spp. Daphnia hyalina-galeata herbivory"
"937",937,"HMK032",189,1987,"Asterionella spp.","Daphnia hyalina-galeata","herbivory",140.231,-0.401231081081081,133.1827,-0.248595959359862,7.04829999999998,"weekly","Asterionella spp. Daphnia hyalina-galeata herbivory"
"938",938,"HMK032",189,1988,"Asterionella spp.","Daphnia hyalina-galeata","herbivory",118.9643,-0.401231081081081,126.2856,-0.248595959359862,-7.32130000000001,"weekly","Asterionella spp. Daphnia hyalina-galeata herbivory"
"939",939,"HMK032",189,1989,"Asterionella spp.","Daphnia hyalina-galeata","herbivory",133.315,-0.401231081081081,126.2912,-0.248595959359862,7.02379999999999,"weekly","Asterionella spp. Daphnia hyalina-galeata herbivory"
"940",940,"HMK032",189,1990,"Asterionella spp.","Daphnia hyalina-galeata","herbivory",126.147,-0.401231081081081,143.79715,-0.248595959359862,-17.65015,"weekly","Asterionella spp. Daphnia hyalina-galeata herbivory"
"941",941,"HMK032",189,1991,"Asterionella spp.","Daphnia hyalina-galeata","herbivory",126.1512,-0.401231081081081,NA,NA,NA,"weekly","Asterionella spp. Daphnia hyalina-galeata herbivory"
"1062",1062,"HMK037",195,1963,"Diatom4 spp.","Keratella2 cochlearis","herbivory",133.271,-0.840239530956854,148.636,-0.683790781719128,-15.365,"weekly","Diatom4 spp. Keratella2 cochlearis herbivory"
"1063",1063,"HMK037",195,1964,"Diatom4 spp.","Keratella2 cochlearis","herbivory",125.938,-0.840239530956854,156.455,-0.683790781719128,-30.517,"weekly","Diatom4 spp. Keratella2 cochlearis herbivory"
"1064",1064,"HMK037",195,1965,"Diatom4 spp.","Keratella2 cochlearis","herbivory",124.938,-0.840239530956854,145.909,-0.683790781719128,-20.971,"weekly","Diatom4 spp. Keratella2 cochlearis herbivory"
"1065",1065,"HMK037",195,1966,"Diatom4 spp.","Keratella2 cochlearis","herbivory",129.625,-0.840239530956854,158.182,-0.683790781719128,-28.557,"weekly","Diatom4 spp. Keratella2 cochlearis herbivory"
"1066",1066,"HMK037",195,1967,"Diatom4 spp.","Keratella2 cochlearis","herbivory",129.104,-0.840239530956854,136.364,-0.683790781719128,-7.25999999999999,"weekly","Diatom4 spp. Keratella2 cochlearis herbivory"
"1067",1067,"HMK037",195,1968,"Diatom4 spp.","Keratella2 cochlearis","herbivory",136.354,-0.840239530956854,135.318,-0.683790781719128,1.036,"weekly","Diatom4 spp. Keratella2 cochlearis herbivory"
"1068",1068,"HMK037",195,1969,"Diatom4 spp.","Keratella2 cochlearis","herbivory",125.979,-0.840239530956854,140.455,-0.683790781719128,-14.476,"weekly","Diatom4 spp. Keratella2 cochlearis herbivory"
"1069",1069,"HMK037",195,1970,"Diatom4 spp.","Keratella2 cochlearis","herbivory",132.75,-0.840239530956854,167.045,-0.683790781719128,-34.295,"weekly","Diatom4 spp. Keratella2 cochlearis herbivory"
"1070",1070,"HMK037",195,1971,"Diatom4 spp.","Keratella2 cochlearis","herbivory",131.188,-0.840239530956854,129.545,-0.683790781719128,1.643,"weekly","Diatom4 spp. Keratella2 cochlearis herbivory"
"1071",1071,"HMK037",195,1972,"Diatom4 spp.","Keratella2 cochlearis","herbivory",125.417,-0.840239530956854,138.045,-0.683790781719128,-12.628,"weekly","Diatom4 spp. Keratella2 cochlearis herbivory"
"1072",1072,"HMK037",195,1973,"Diatom4 spp.","Keratella2 cochlearis","herbivory",105.667,-0.840239530956854,106.364,-0.683790781719128,-0.697000000000003,"weekly","Diatom4 spp. Keratella2 cochlearis herbivory"
"1073",1073,"HMK037",195,1974,"Diatom4 spp.","Keratella2 cochlearis","herbivory",132.229,-0.840239530956854,128.864,-0.683790781719128,3.36500000000001,"weekly","Diatom4 spp. Keratella2 cochlearis herbivory"
"1074",1074,"HMK037",195,1975,"Diatom4 spp.","Keratella2 cochlearis","herbivory",118.167,-0.840239530956854,141.818,-0.683790781719128,-23.651,"weekly","Diatom4 spp. Keratella2 cochlearis herbivory"
"1075",1075,"HMK037",195,1976,"Diatom4 spp.","Keratella2 cochlearis","herbivory",93.6458,-0.840239530956854,141.136,-0.683790781719128,-47.4902,"weekly","Diatom4 spp. Keratella2 cochlearis herbivory"
"1076",1076,"HMK037",195,1977,"Diatom4 spp.","Keratella2 cochlearis","herbivory",112.438,-0.840239530956854,117.273,-0.683790781719128,-4.83499999999999,"weekly","Diatom4 spp. Keratella2 cochlearis herbivory"
"1077",1077,"HMK037",195,1978,"Diatom4 spp.","Keratella2 cochlearis","herbivory",87.4375,-0.840239530956854,99.5455,-0.683790781719128,-12.108,"weekly","Diatom4 spp. Keratella2 cochlearis herbivory"
"1078",1078,"HMK037",195,1979,"Diatom4 spp.","Keratella2 cochlearis","herbivory",120.25,-0.840239530956854,113.864,-0.683790781719128,6.386,"weekly","Diatom4 spp. Keratella2 cochlearis herbivory"
"1079",1079,"HMK037",195,1980,"Diatom4 spp.","Keratella2 cochlearis","herbivory",77.5,-0.840239530956854,NA,NA,NA,"weekly","Diatom4 spp. Keratella2 cochlearis herbivory"
"1080",1080,"HMK037",195,1981,"Diatom4 spp.","Keratella2 cochlearis","herbivory",140.042,-0.840239530956854,139.773,-0.683790781719128,0.269000000000005,"weekly","Diatom4 spp. Keratella2 cochlearis herbivory"
"1081",1081,"HMK037",195,1982,"Diatom4 spp.","Keratella2 cochlearis","herbivory",134.313,-0.840239530956854,145.227,-0.683790781719128,-10.914,"weekly","Diatom4 spp. Keratella2 cochlearis herbivory"
"1082",1082,"HMK037",195,1983,"Diatom4 spp.","Keratella2 cochlearis","herbivory",115.563,-0.840239530956854,128.864,-0.683790781719128,-13.301,"weekly","Diatom4 spp. Keratella2 cochlearis herbivory"
"1083",1083,"HMK037",195,1984,"Diatom4 spp.","Keratella2 cochlearis","herbivory",109.271,-0.840239530956854,127.818,-0.683790781719128,-18.547,"weekly","Diatom4 spp. Keratella2 cochlearis herbivory"
"1084",1084,"HMK037",195,1985,"Diatom4 spp.","Keratella2 cochlearis","herbivory",121.292,-0.840239530956854,128.182,-0.683790781719128,-6.88999999999999,"weekly","Diatom4 spp. Keratella2 cochlearis herbivory"
"1085",1085,"HMK037",195,1986,"Diatom4 spp.","Keratella2 cochlearis","herbivory",96.8125,-0.840239530956854,132.273,-0.683790781719128,-35.4605,"weekly","Diatom4 spp. Keratella2 cochlearis herbivory"
"1086",1086,"HMK037",195,1987,"Diatom4 spp.","Keratella2 cochlearis","herbivory",109.833,-0.840239530956854,109.091,-0.683790781719128,0.742000000000004,"weekly","Diatom4 spp. Keratella2 cochlearis herbivory"
"1087",1087,"HMK037",195,1988,"Diatom4 spp.","Keratella2 cochlearis","herbivory",124.896,-0.840239530956854,123.045,-0.683790781719128,1.851,"weekly","Diatom4 spp. Keratella2 cochlearis herbivory"
"1088",1088,"HMK037",195,1989,"Diatom4 spp.","Keratella2 cochlearis","herbivory",107.75,-0.840239530956854,145.227,-0.683790781719128,-37.477,"weekly","Diatom4 spp. Keratella2 cochlearis herbivory"
"1089",1089,"HMK037",195,1990,"Diatom4 spp.","Keratella2 cochlearis","herbivory",98.8958,-0.840239530956854,134.318,-0.683790781719128,-35.4222,"weekly","Diatom4 spp. Keratella2 cochlearis herbivory"
"1090",1090,"HMK037",195,1991,"Diatom4 spp.","Keratella2 cochlearis","herbivory",111.917,-0.840239530956854,139.773,-0.683790781719128,-27.856,"weekly","Diatom4 spp. Keratella2 cochlearis herbivory"
"1091",1091,"HMK037",195,1992,"Diatom4 spp.","Keratella2 cochlearis","herbivory",69.1667,-0.840239530956854,96.4545,-0.683790781719128,-27.2878,"weekly","Diatom4 spp. Keratella2 cochlearis herbivory"
"1092",1092,"HMK037",195,1993,"Diatom4 spp.","Keratella2 cochlearis","herbivory",93.1667,-0.840239530956854,122.045,-0.683790781719128,-28.8783,"weekly","Diatom4 spp. Keratella2 cochlearis herbivory"
"1093",1093,"HMK037",195,1994,"Diatom4 spp.","Keratella2 cochlearis","herbivory",110.354,-0.840239530956854,129.545,-0.683790781719128,-19.191,"weekly","Diatom4 spp. Keratella2 cochlearis herbivory"
"1094",1094,"HMK037",195,1995,"Diatom4 spp.","Keratella2 cochlearis","herbivory",107.229,-0.840239530956854,128.864,-0.683790781719128,-21.635,"weekly","Diatom4 spp. Keratella2 cochlearis herbivory"
"1095",1095,"HMK037",195,1996,"Diatom4 spp.","Keratella2 cochlearis","herbivory",107.188,-0.840239530956854,NA,NA,NA,"weekly","Diatom4 spp. Keratella2 cochlearis herbivory"
"1096",1096,"HMK037",195,1997,"Diatom4 spp.","Keratella2 cochlearis","herbivory",120.771,-0.840239530956854,NA,NA,NA,"weekly","Diatom4 spp. Keratella2 cochlearis herbivory"
"1097",1097,"HMK037",195,1998,"Diatom4 spp.","Keratella2 cochlearis","herbivory",84.3125,-0.840239530956854,NA,NA,NA,"weekly","Diatom4 spp. Keratella2 cochlearis herbivory"
"1098",1098,"HMK037",195,1999,"Diatom4 spp.","Keratella2 cochlearis","herbivory",109.833,-0.840239530956854,NA,NA,NA,"weekly","Diatom4 spp. Keratella2 cochlearis herbivory"
"1099",1099,"HMK037",195,2000,"Diatom4 spp.","Keratella2 cochlearis","herbivory",94.1667,-0.840239530956854,NA,NA,NA,"weekly","Diatom4 spp. Keratella2 cochlearis herbivory"
"1100",1100,"HMK037",195,2001,"Diatom4 spp.","Keratella2 cochlearis","herbivory",100.458,-0.840239530956854,NA,NA,NA,"weekly","Diatom4 spp. Keratella2 cochlearis herbivory"
"1101",1101,"HMK037",195,2002,"Diatom4 spp.","Keratella2 cochlearis","herbivory",100.458,-0.840239530956854,NA,NA,NA,"weekly","Diatom4 spp. Keratella2 cochlearis herbivory"
"1102",1102,"HMK037",196,1963,"Diatom4 spp.","Leptodiaptomus ashlandi","herbivory",133.271,-0.840239530956854,NA,NA,NA,"weekly","Diatom4 spp. Leptodiaptomus ashlandi herbivory"
"1103",1103,"HMK037",196,1964,"Diatom4 spp.","Leptodiaptomus ashlandi","herbivory",125.938,-0.840239530956854,155.643,-0.215780839673312,-29.705,"weekly","Diatom4 spp. Leptodiaptomus ashlandi herbivory"
"1104",1104,"HMK037",196,1965,"Diatom4 spp.","Leptodiaptomus ashlandi","herbivory",124.938,-0.840239530956854,125.179,-0.215780839673312,-0.241,"weekly","Diatom4 spp. Leptodiaptomus ashlandi herbivory"
"1105",1105,"HMK037",196,1966,"Diatom4 spp.","Leptodiaptomus ashlandi","herbivory",129.625,-0.840239530956854,136.786,-0.215780839673312,-7.161,"weekly","Diatom4 spp. Leptodiaptomus ashlandi herbivory"
"1106",1106,"HMK037",196,1967,"Diatom4 spp.","Leptodiaptomus ashlandi","herbivory",129.104,-0.840239530956854,123.393,-0.215780839673312,5.71100000000001,"weekly","Diatom4 spp. Leptodiaptomus ashlandi herbivory"
"1107",1107,"HMK037",196,1968,"Diatom4 spp.","Leptodiaptomus ashlandi","herbivory",136.354,-0.840239530956854,122.607,-0.215780839673312,13.747,"weekly","Diatom4 spp. Leptodiaptomus ashlandi herbivory"
"1108",1108,"HMK037",196,1969,"Diatom4 spp.","Leptodiaptomus ashlandi","herbivory",125.979,-0.840239530956854,140.357,-0.215780839673312,-14.378,"weekly","Diatom4 spp. Leptodiaptomus ashlandi herbivory"
"1109",1109,"HMK037",196,1970,"Diatom4 spp.","Leptodiaptomus ashlandi","herbivory",132.75,-0.840239530956854,119.821,-0.215780839673312,12.929,"weekly","Diatom4 spp. Leptodiaptomus ashlandi herbivory"
"1110",1110,"HMK037",196,1971,"Diatom4 spp.","Leptodiaptomus ashlandi","herbivory",131.188,-0.840239530956854,126.071,-0.215780839673312,5.11699999999999,"weekly","Diatom4 spp. Leptodiaptomus ashlandi herbivory"
"1111",1111,"HMK037",196,1972,"Diatom4 spp.","Leptodiaptomus ashlandi","herbivory",125.417,-0.840239530956854,131.536,-0.215780839673312,-6.119,"weekly","Diatom4 spp. Leptodiaptomus ashlandi herbivory"
"1112",1112,"HMK037",196,1973,"Diatom4 spp.","Leptodiaptomus ashlandi","herbivory",105.667,-0.840239530956854,130.536,-0.215780839673312,-24.869,"weekly","Diatom4 spp. Leptodiaptomus ashlandi herbivory"
"1113",1113,"HMK037",196,1974,"Diatom4 spp.","Leptodiaptomus ashlandi","herbivory",132.229,-0.840239530956854,121.607,-0.215780839673312,10.622,"weekly","Diatom4 spp. Leptodiaptomus ashlandi herbivory"
"1114",1114,"HMK037",196,1975,"Diatom4 spp.","Leptodiaptomus ashlandi","herbivory",118.167,-0.840239530956854,118.929,-0.215780839673312,-0.762,"weekly","Diatom4 spp. Leptodiaptomus ashlandi herbivory"
"1115",1115,"HMK037",196,1976,"Diatom4 spp.","Leptodiaptomus ashlandi","herbivory",93.6458,-0.840239530956854,126.179,-0.215780839673312,-32.5332,"weekly","Diatom4 spp. Leptodiaptomus ashlandi herbivory"
"1116",1116,"HMK037",196,1977,"Diatom4 spp.","Leptodiaptomus ashlandi","herbivory",112.438,-0.840239530956854,116.25,-0.215780839673312,-3.812,"weekly","Diatom4 spp. Leptodiaptomus ashlandi herbivory"
"1117",1117,"HMK037",196,1978,"Diatom4 spp.","Leptodiaptomus ashlandi","herbivory",87.4375,-0.840239530956854,122.5,-0.215780839673312,-35.0625,"weekly","Diatom4 spp. Leptodiaptomus ashlandi herbivory"
"1118",1118,"HMK037",196,1979,"Diatom4 spp.","Leptodiaptomus ashlandi","herbivory",120.25,-0.840239530956854,108.214,-0.215780839673312,12.036,"weekly","Diatom4 spp. Leptodiaptomus ashlandi herbivory"
"1119",1119,"HMK037",196,1980,"Diatom4 spp.","Leptodiaptomus ashlandi","herbivory",77.5,-0.840239530956854,120.821,-0.215780839673312,-43.321,"weekly","Diatom4 spp. Leptodiaptomus ashlandi herbivory"
"1120",1120,"HMK037",196,1981,"Diatom4 spp.","Leptodiaptomus ashlandi","herbivory",140.042,-0.840239530956854,125.179,-0.215780839673312,14.863,"weekly","Diatom4 spp. Leptodiaptomus ashlandi herbivory"
"1121",1121,"HMK037",196,1982,"Diatom4 spp.","Leptodiaptomus ashlandi","herbivory",134.313,-0.840239530956854,158.214,-0.215780839673312,-23.901,"weekly","Diatom4 spp. Leptodiaptomus ashlandi herbivory"
"1122",1122,"HMK037",196,1983,"Diatom4 spp.","Leptodiaptomus ashlandi","herbivory",115.563,-0.840239530956854,136.786,-0.215780839673312,-21.223,"weekly","Diatom4 spp. Leptodiaptomus ashlandi herbivory"
"1123",1123,"HMK037",196,1984,"Diatom4 spp.","Leptodiaptomus ashlandi","herbivory",109.271,-0.840239530956854,113.679,-0.215780839673312,-4.408,"weekly","Diatom4 spp. Leptodiaptomus ashlandi herbivory"
"1124",1124,"HMK037",196,1985,"Diatom4 spp.","Leptodiaptomus ashlandi","herbivory",121.292,-0.840239530956854,97.5,-0.215780839673312,23.792,"weekly","Diatom4 spp. Leptodiaptomus ashlandi herbivory"
"1125",1125,"HMK037",196,1986,"Diatom4 spp.","Leptodiaptomus ashlandi","herbivory",96.8125,-0.840239530956854,146.607,-0.215780839673312,-49.7945,"weekly","Diatom4 spp. Leptodiaptomus ashlandi herbivory"
"1126",1126,"HMK037",196,1987,"Diatom4 spp.","Leptodiaptomus ashlandi","herbivory",109.833,-0.840239530956854,67.1429,-0.215780839673312,42.6901,"weekly","Diatom4 spp. Leptodiaptomus ashlandi herbivory"
"1127",1127,"HMK037",196,1988,"Diatom4 spp.","Leptodiaptomus ashlandi","herbivory",124.896,-0.840239530956854,109.214,-0.215780839673312,15.682,"weekly","Diatom4 spp. Leptodiaptomus ashlandi herbivory"
"1128",1128,"HMK037",196,1989,"Diatom4 spp.","Leptodiaptomus ashlandi","herbivory",107.75,-0.840239530956854,93.9286,-0.215780839673312,13.8214,"weekly","Diatom4 spp. Leptodiaptomus ashlandi herbivory"
"1129",1129,"HMK037",196,1990,"Diatom4 spp.","Leptodiaptomus ashlandi","herbivory",98.8958,-0.840239530956854,91.25,-0.215780839673312,7.64579999999999,"weekly","Diatom4 spp. Leptodiaptomus ashlandi herbivory"
"1130",1130,"HMK037",196,1991,"Diatom4 spp.","Leptodiaptomus ashlandi","herbivory",111.917,-0.840239530956854,139.464,-0.215780839673312,-27.547,"weekly","Diatom4 spp. Leptodiaptomus ashlandi herbivory"
"1131",1131,"HMK037",196,1992,"Diatom4 spp.","Leptodiaptomus ashlandi","herbivory",69.1667,-0.840239530956854,125.286,-0.215780839673312,-56.1193,"weekly","Diatom4 spp. Leptodiaptomus ashlandi herbivory"
"1132",1132,"HMK037",196,1993,"Diatom4 spp.","Leptodiaptomus ashlandi","herbivory",93.1667,-0.840239530956854,108.214,-0.215780839673312,-15.0473,"weekly","Diatom4 spp. Leptodiaptomus ashlandi herbivory"
"1133",1133,"HMK037",196,1994,"Diatom4 spp.","Leptodiaptomus ashlandi","herbivory",110.354,-0.840239530956854,135.893,-0.215780839673312,-25.539,"weekly","Diatom4 spp. Leptodiaptomus ashlandi herbivory"
"1134",1134,"HMK037",196,1995,"Diatom4 spp.","Leptodiaptomus ashlandi","herbivory",107.229,-0.840239530956854,NA,NA,NA,"weekly","Diatom4 spp. Leptodiaptomus ashlandi herbivory"
"1135",1135,"HMK037",196,1996,"Diatom4 spp.","Leptodiaptomus ashlandi","herbivory",107.188,-0.840239530956854,133.321,-0.215780839673312,-26.133,"weekly","Diatom4 spp. Leptodiaptomus ashlandi herbivory"
"1136",1136,"HMK037",196,1997,"Diatom4 spp.","Leptodiaptomus ashlandi","herbivory",120.771,-0.840239530956854,153.75,-0.215780839673312,-32.979,"weekly","Diatom4 spp. Leptodiaptomus ashlandi herbivory"
"1137",1137,"HMK037",196,1998,"Diatom4 spp.","Leptodiaptomus ashlandi","herbivory",84.3125,-0.840239530956854,95.7143,-0.215780839673312,-11.4018,"weekly","Diatom4 spp. Leptodiaptomus ashlandi herbivory"
"1138",1138,"HMK037",196,1999,"Diatom4 spp.","Leptodiaptomus ashlandi","herbivory",109.833,-0.840239530956854,138.571,-0.215780839673312,-28.738,"weekly","Diatom4 spp. Leptodiaptomus ashlandi herbivory"
"1139",1139,"HMK037",196,2000,"Diatom4 spp.","Leptodiaptomus ashlandi","herbivory",94.1667,-0.840239530956854,106.536,-0.215780839673312,-12.3693,"weekly","Diatom4 spp. Leptodiaptomus ashlandi herbivory"
"1140",1140,"HMK037",196,2001,"Diatom4 spp.","Leptodiaptomus ashlandi","herbivory",100.458,-0.840239530956854,NA,NA,NA,"weekly","Diatom4 spp. Leptodiaptomus ashlandi herbivory"
"1141",1141,"HMK037",196,2002,"Diatom4 spp.","Leptodiaptomus ashlandi","herbivory",100.458,-0.840239530956854,156.429,-0.215780839673312,-55.971,"weekly","Diatom4 spp. Leptodiaptomus ashlandi herbivory"
